id,title,description,category,location,price_min,price_max,moq,source,url,contact
RS001,Akins Lifecare private label skincare and nutraceutical exporter,Global exporter offering private label skincare and nutraceutical manufacturing with export support.,nutraceutical/private-label,India/Global,,,,web_search,https://akinslifecare.com/export/,site
RS002,Nutrix private label skin care supplier,"FDA registered private label skin care supplier with custom development, manufacturing, packaging, and logistics.",beauty/oem,USA,,,,web_search,https://www.nutrixusa.com/skin-care-supplier/,site
RS003,Virospack cosmetic packaging supplier,"Packaging supplier specialized in serum, oil, and skincare packaging with global distribution.",packaging,America/Global,,,,web_search,https://virospack.com/packaging-suppliers-of-america/,site
RS004,Pure Source turnkey personal care and natural product manufacturer,"Contract manufacturer offering formulation, filling, packaging, and testing for personal care and OTC products.",beauty/oem,USA,,,,web_search,https://www.thepuresource.com/,site
RS005,Medpak Solutions cosmetic private label manufacturer,Private label cosmetic and skincare manufacturer supporting scale-up and regulatory compliance.,beauty/oem,USA,,,,web_search,https://medpaksolutions.com/,site
RS006,Gummy Worlds private label gummy manufacturer,Contract manufacturer and private label supplier for gummy supplements with formulation and low MOQ options.,nutraceutical/private-label,USA/Global,,,,web_search,https://www.gummyworlds.com/,site
RS007,Bioflex OEM gummies manufacturing supplier,OEM gummy manufacturing supplier for private label supplement brands.,nutraceutical/private-label,Global,,,,web_search,https://bioflexoem.com/pages/gummies-manufacturing,site
RS008,Sogo Plaza OEM private label collagen serum supplier,Supplier of OEM private label customized collagen serum essence for skincare brands.,beauty/oem,Global,,,,web_search,https://sogoplaza.com/collections/oem-private-label-customized-collagen-serum-essence,site
RS009,Biocrown ODM OEM serum manufacturer,ODM OEM serum manufacturing with customized formulations for skincare products.,beauty/oem,Taiwan/Global,,,,web_search,https://www.biocrown.com.tw/en/category/A0108.html,site
RS010,TCI Bio private label collagen OEM ODM,Global supplier of collagen dietary and skincare products with integrated R&D and formulation support.,nutraceutical/private-label,Taiwan/Global,,,,web_search,https://www.tci-bio.com/technology/private-label-white-label-collagen-functional-food-oem-odm/,site
RS011,Bornova Medical OEM gloves supplier,OEM gloves supplier for disposable nitrile and related PPE products.,medical-supplies,Global,,,,web_search,https://bornovamedical.com/pages/oem-gloves-1,site
RS012,Pan Taiwan protective gloves OEM ODM manufacturer,Protective gloves OEM ODM manufacturer for industrial and safety use cases.,medical-supplies,Taiwan/Global,,,,web_search,https://safety.pantaiwan.com.tw/en/2-2642/manufacturer/Protective-Gloves-OEM-ODM-id71545.html,site
RS013,Magic Bamboo furniture manufacturer,Manufacturer and supplier of wooden and bamboo furniture with custom OEM support.,furniture/b2b,China/Global,,,,web_search,https://www.magicbambu.com/wooden-bamboo-furniture/,site
RS014,YiBamboo modern bamboo furniture supplier,Supplier of modern bamboo furniture for wholesale buyers.,furniture/b2b,China/Global,,,,web_search,https://www.yibamboo.com/products/modern-bamboo-furniture/,site
RS015,BambooVision wholesale bamboo products OEM supplier,"Wholesale bamboo products supplier with OEM, personalization, and packaging capabilities.",furniture/b2b,Global,,,,web_search,https://www.bamboovision.com/wholesale-bamboo-products-worldwide,site
